Start_frame,End_frame,Participant,Behavior_ID,Behavior_Description
2.91,9.09,P4,10,laughing
14.19,20.07,P4,10,laughing
20.14,23.12,P4,2,acknowledgement 
26.1,35.15,P4,10,laughing
34.19,37.11,P4,13,compliment
83.05,91.04,P4,14,positive tone 
94.14,98.93,P4,13,compliment
96.16,99.19,P4,9,whispering
101.06,105.17,P4,9,whispering
116.91,120.12,P4,13,compliment
124.95,130.14,P4,2,acknowledgement 
201.98,206.98,P5,10,laughing
31.01,37.03,P4,30,Laugh
62.06,67.06,P4,5,Exclamation
78.09,81.9,P4,5,Exclamation
92.19,99.0,P4,6,Relevancy
92.19,99.0,P4,30,Laugh
113.17,120.16,P4,2,Mhm
113.17,120.16,P4,6,Relevancy
126.04,129.9,P4,6,Relevancy
